question,answer,options,correct_option,path,condition
A 35-year-old woman reports persistent fatigue for the past 7 months. She describes it as exhaustion that is somewhat related to work but is less severe on vacations. Physical examination reveals no abnormalities. What is the MOST appropriate next step in evaluating her fatigue?,Treat underlying cause of persistent fatigue,"['Reassurance and follow-up', 'Prescription of stimulants', 'Referral to a psychiatrist', 'Symptomatic treatment with exercise and improved sleep hygiene', 'Treat underlying cause of persistent fatigue']",E,"History, including careful description of fatigue. Physical examination -> Evidence of physiologic fatigue -> Treat Underlying Cause of Persistent Fatigue -> Fatigue resolved",fatigue
"A 52-year-old woman presents to her primary care physician complaining of persistent fatigue for the past 8 months. She denies any fever, weight loss, or recent infections. She has a history of well-controlled hypertension and reports no changes in her medications. Physical examination reveals no acute distress, normal vital signs, and no remarkable findings. According to the text, what is the MOST appropriate next step in evaluating the cause of her fatigue?","Perform a thorough history and physical examination, including a detailed description of the fatigue and associated symptoms.","['Order a comprehensive metabolic panel to assess for common medical conditions.', 'Prescribe a trial of antidepressants to address potential underlying psychiatric issues.', 'Recommend lifestyle modifications, such as improved sleep hygiene and regular exercise.', 'Refer the patient to a sleep specialist for evaluation of sleep disorders.', 'Perform a thorough history and physical examination, including a detailed description of the fatigue and associated symptoms.']",E,"History, including careful description of fatigue. Physical examination -> Chronic medical disease or exposure identified -> Treat Underlying Cause of Persistent Fatigue -> Fatigue resolved",fatigue
A 35-year-old woman reports persistent fatigue for the past 7 months. She denies any specific triggers and mentions it interferes with her daily activities. Physical examination reveals no obvious abnormalities. What is the MOST appropriate next step in managing her fatigue?,Treat any identified underlying causes of persistent fatigue.,"['Prescribe a stimulant medication to improve energy levels.', 'Recommend lifestyle changes such as improved sleep hygiene and exercise.', 'Order extensive laboratory testing to rule out all possible medical conditions.', 'Refer the patient to a psychiatrist for evaluation of possible depression.', 'Treat any identified underlying causes of persistent fatigue.']",E,"History, including careful description of fatigue. Physical examination -> Evidence of physiologic fatigue -> Treat Underlying Cause of Persistent Fatigue -> Fatigue persists",fatigue
"A 52-year-old woman presents to her primary care physician complaining of persistent fatigue for the past 8 months. She reports no other specific symptoms, but the fatigue significantly interferes with her daily activities. Initial physical examination reveals no obvious abnormalities. According to the text, what is the most appropriate next step in evaluating her fatigue?",Thorough history and physical examination to identify potential underlying causes.,"['Prescribing a stimulant medication to improve energy levels.', 'Ordering a comprehensive metabolic panel.', 'Referring her to a psychiatrist for evaluation of depression.', 'Recommending lifestyle changes such as increased exercise and improved sleep hygiene.', 'Thorough history and physical examination to identify potential underlying causes.']",E,"History, including careful description of fatigue. Physical examination -> Chronic medical disease or exposure identified -> Treat Underlying Cause of Persistent Fatigue -> Fatigue persists",fatigue
"A 32-year-old man presents to his primary care physician complaining of persistent fatigue for the past 4 months. He denies any fever, weight loss, or recent travel. He mentions occasional unprotected sexual encounters. After taking a detailed history and performing a physical exam, what is the MOST appropriate next step in evaluating his fatigue?","Testing for HIV, syphilis, and hepatitis B and C.","['Initiate treatment for chronic fatigue syndrome.', 'Prescribe a trial of antidepressants.', 'Order Lyme disease and coccidioidomycosis serology.', 'Testing for HIV, syphilis, and hepatitis B and C.', 'Refer him to a rheumatologist for evaluation of fibromyalgia.']",D,"History, including careful description of fatigue. Physical examination -> Risk factor for sexually transmitted or bloodborne disease -> Testing for HIV, syphilis, and hepatitis B and C -> Treat Abnormal Results -> Disease-Specific Testing and Treatment",fatigue
"A 32-year-old woman presents to her primary care physician complaining of persistent fatigue for the past 7 months. She denies any fever, weight loss, or recent travel. She works as a librarian and reports no known exposure to toxins. Physical examination is unremarkable. She lives in Connecticut. According to the text, what would be the next best step in the management of her fatigue?",Test for Lyme disease,"['Order a complete blood count (CBC)', 'Prescribe a trial of antidepressants', 'Recommend a sleep study', 'Test for Lyme disease', 'Refer her to a psychiatrist']",D,"History, including careful description of fatigue. Physical examination -> Geographic risk factors -> Test for Lyme disease or coccidioidomycosis -> Treat Abnormal Results -> Disease-Specific Testing and Treatment",fatigue
"A 45-year-old female presents with persistent fatigue, widespread muscle aching, and multiple tender points on examination. After a thorough history and physical exam, fibromyalgia is suspected. What is the MOST appropriate next step in the evaluation of this patient?","Order CPK, CRP, ANA, and RF to screen for other rheumatologic conditions.","['Obtain a detailed psychosocial assessment.', 'Prescribe a trial of low-dose antidepressants.', 'Recommend physical therapy and exercise.', 'Order an MRI of the brain to rule out neurological causes.', 'Order CPK, CRP, ANA, and RF to screen for other rheumatologic conditions.']",E,"History, including careful description of fatigue. Physical examination -> Findings consistent with fibromyalgia -> CPK, CRP, ANA, RF -> Abnormal results -> Evaluate for specific illness",fatigue
"A 52-year-old male presents to your clinic complaining of persistent fatigue for the past 7 months. He denies any specific medical illness, but reports daytime hypersomnolence and his wife mentions he snores loudly at night. What is the MOST appropriate next step in managing this patient's fatigue?",Refer the patient for a sleep disorders evaluation.,"['Order a complete blood count (CBC) and comprehensive metabolic panel (CMP).', 'Prescribe a trial of stimulant medication to combat daytime sleepiness.', 'Recommend lifestyle changes, such as improved sleep hygiene and regular exercise.', 'Perform a thorough psychosocial assessment for possible psychiatric causes.', 'Refer the patient for a sleep disorders evaluation.']",E,"History, including careful description of fatigue. Physical examination -> No specific medical illness identified -> Daytime hypersomnolence, snoring, or other symptoms of sleep apnea -> Refer for sleep disorders evaluation",fatigue
"A 45-year-old woman presents to her primary care physician complaining of persistent fatigue for the past 7 months that interferes with her daily activities. She denies any fever, weight loss, or recent travel. Physical examination is unremarkable. Considering the possible underlying causes of her fatigue, what is the MOST appropriate next step in the evaluation, assuming initial history and physical exam did not reveal an obvious cause?","Order a complete blood count (CBC), thyroid-stimulating hormone (TSH), electrolytes, creatinine, liver enzymes, and erythrocyte sedimentation rate (ESR).","['Prescribe a trial of antidepressants to address potential psychiatric causes.', 'Refer her to a sleep specialist for evaluation of possible sleep disorders.', 'Order Lyme disease and coccidioidomycosis serology.', 'Reassure her that fatigue is common and advise lifestyle modifications such as improved sleep hygiene and regular exercise.', 'Order a complete blood count (CBC), thyroid-stimulating hormone (TSH), electrolytes, creatinine, liver enzymes, and erythrocyte sedimentation rate (ESR).']",E,"History, including careful description of fatigue. Physical examination -> Geographic risk factors -> Test for Lyme disease or coccidioidomycosis -> Normal results -> CBC, thyroid-stimulating hormone, electrolytes, creatinine, liver enzymes, ESR -> Abnormal results: evaluate and treat",fatigue
"A 34-year-old woman presents to her primary care physician complaining of persistent fatigue for the past 7 months. She describes the fatigue as overwhelming exhaustion that interferes with her daily activities. Physical examination reveals multiple tender points, and fibromyalgia is suspected. Initial laboratory tests, including CPK, CRP, ANA, and RF, come back normal. According to the text, what should be the next step in evaluating her fatigue?","Order CBC, thyroid-stimulating hormone, electrolytes, creatinine, liver enzymes, and ESR, and evaluate and treat any abnormalities found.","['Reassure the patient that her symptoms are likely due to a psychiatric condition and refer her to a mental health professional.', 'Prescribe a trial of antidepressants to address potential underlying depression.', 'Recommend lifestyle modifications, such as improved sleep hygiene and regular exercise.', 'Order CBC, thyroid-stimulating hormone, electrolytes, creatinine, liver enzymes, and ESR, and evaluate and treat any abnormalities found.', 'Perform a detailed psychosocial assessment to identify potential stressors or psychological factors contributing to her fatigue.']",D,"History, including careful description of fatigue. Physical examination -> Findings consistent with fibromyalgia -> CPK, CRP, ANA, RF -> Normal results -> CBC, thyroid-stimulating hormone, electrolytes, creatinine, liver enzymes, ESR -> Abnormal results: evaluate and treat",fatigue
"A 45-year-old woman presents to her primary care physician complaining of persistent fatigue for the past 7 months. She denies fever, weight loss, or any other specific symptoms. She has no significant past medical history and takes no medications. She works as an accountant and reports no recent travel. On physical examination, she appears well, and all findings are normal. What is the most appropriate next step in evaluating her fatigue?","Obtain a detailed history and physical examination, including a description of the fatigue, precipitating and palliative factors, and associated symptoms.","['Order a complete blood count (CBC) and comprehensive metabolic panel (CMP).', 'Prescribe a trial of antidepressants.', 'Refer her to a sleep specialist.', 'Test for Lyme disease and coccidioidomycosis.', 'Obtain a detailed history and physical examination, including a description of the fatigue, precipitating and palliative factors, and associated symptoms.']",E,"History, including careful description of fatigue. Physical examination -> Geographic risk factors -> Test for Lyme disease or coccidioidomycosis -> Normal results -> Fatigue either resolved or appropriate to degree of abnormality",fatigue
"A 45-year-old female presents with persistent fatigue for the past 7 months. Physical examination reveals multiple tender points, and fibromyalgia is suspected. Initial lab results including CPK, CRP, ANA, and RF come back normal. What is the MOST appropriate next step in the management of this patient's fatigue?","Reassure the patient, educate about fibromyalgia, and initiate a treatment plan focusing on symptom management and lifestyle modifications.","['Prescribe a course of high-dose corticosteroids to rule out inflammatory conditions.', 'Order an MRI of the brain to investigate potential neurological causes of fatigue.', 'Refer the patient to a psychiatrist for evaluation of underlying mood disorders.', 'Reassure the patient, educate about fibromyalgia, and initiate a treatment plan focusing on symptom management and lifestyle modifications.', 'Repeat the laboratory tests in 3 months to monitor for any changes.']",D,"History, including careful description of fatigue. Physical examination -> Findings consistent with fibromyalgia -> CPK, CRP, ANA, RF -> Normal results -> Fatigue either resolved or appropriate to degree of abnormality",fatigue
"A 32-year-old woman presents to her primary care physician complaining of persistent fatigue for the past 7 months. She denies any recent travel or exposure to sick contacts. Physical examination and initial laboratory tests, including complete blood count and comprehensive metabolic panel, are unremarkable. Considering the possible underlying causes of her fatigue, what is the MOST appropriate next step in evaluating this patient?",Perform a thorough psychosocial assessment to evaluate for potential psychiatric diagnoses such as depression or anxiety.,"['Order Lyme disease and coccidioidomycosis serology.', 'Prescribe a trial of stimulant medication.', 'Recommend a sleep study to evaluate for sleep apnea.', 'Order advanced imaging of the brain.', 'Perform a thorough psychosocial assessment to evaluate for potential psychiatric diagnoses such as depression or anxiety.']",E,"History, including careful description of fatigue. Physical examination -> Geographic risk factors -> Test for Lyme disease or coccidioidomycosis -> Normal results -> Fatigue greater than appropriate for disease -> Persistent fatigue, no medical cause found -> Psychosocial assessment -> Psychiatric diagnosis identified: depression, anxiety disorder, somatoform disorder, other -> Treat or refer",fatigue
"A 35-year-old woman presents to her primary care physician complaining of persistent fatigue for the past 8 months. She reports no other significant symptoms, and initial physical examination reveals no obvious abnormalities. Basic lab tests, including complete blood count and metabolic panel, are normal. The physician suspects fibromyalgia due to aching muscles. After CPK, CRP, ANA, and RF tests return normal, the physician notes that the patient's fatigue seems disproportionate to her physical symptoms. What is the most appropriate next step in managing this patient's fatigue?",Perform a psychosocial assessment to evaluate for potential psychiatric conditions.,"['Prescribe a trial of stimulant medication to combat the fatigue.', 'Order advanced imaging of the brain to rule out neurological causes.', 'Refer the patient to a rheumatologist for further evaluation of fibromyalgia.', 'Perform a psychosocial assessment to evaluate for potential psychiatric conditions.', 'Recommend a strict exercise regimen to improve energy levels.']",D,"History, including careful description of fatigue. Physical examination -> Findings consistent with fibromyalgia -> CPK, CRP, ANA, RF -> Normal results -> Fatigue greater than appropriate for disease -> Persistent fatigue, no medical cause found -> Psychosocial assessment -> Psychiatric diagnosis identified: depression, anxiety disorder, somatoform disorder, other -> Treat or refer",fatigue
"A 45-year-old woman presents to her primary care physician complaining of persistent fatigue for the past 7 months. She denies any fever, weight loss, or other specific symptoms. Physical examination and initial laboratory tests, including tests for Lyme disease and coccidioidomycosis, are unremarkable. A psychosocial assessment reveals no specific psychiatric diagnosis. Which of the following is the MOST appropriate next step in managing her fatigue?","Recommend symptomatic treatment, including reorganizing her schedule, graduated activity/exercise, and considering referral to cognitive therapy.","['Prescribe antidepressant medication.', 'Order advanced imaging of the brain.', 'Refer her to a rheumatologist for evaluation of fibromyalgia.', 'Recommend symptomatic treatment, including reorganizing her schedule, graduated activity/exercise, and considering referral to cognitive therapy.', 'Prescribe a stimulant medication to combat fatigue.']",D,"History, including careful description of fatigue. Physical examination -> Geographic risk factors -> Test for Lyme disease or coccidioidomycosis -> Normal results -> Fatigue greater than appropriate for disease -> Persistent fatigue, no medical cause found -> Psychosocial assessment -> No specific psychiatric diagnosis identified -> Symptomatic treatment: reorganize schedule, graduated activity/exercise to minimize deconditioning; consider referral to cognitive therapy",fatigue
"A 35-year-old female presents with persistent fatigue for over 6 months, interfering with her daily activities. Physical examination reveals findings consistent with fibromyalgia. Initial lab results (CPK, CRP, ANA, RF) are normal. The fatigue seems disproportionate to her physical condition. After a psychosocial assessment, no specific psychiatric diagnosis is identified. What is the MOST appropriate next step in managing her fatigue?","Symptomatic treatment: reorganize schedule, graduated activity/exercise to minimize deconditioning; consider referral to cognitive therapy","['Prescribe a tricyclic antidepressant to improve sleep and pain.', 'Initiate a trial of corticosteroids to reduce inflammation.', 'Recommend complete bed rest to conserve energy.', 'Symptomatic treatment: reorganize schedule, graduated activity/exercise to minimize deconditioning; consider referral to cognitive therapy', 'Refer to a rheumatologist for further evaluation of possible underlying autoimmune disease.']",D,"History, including careful description of fatigue. Physical examination -> Findings consistent with fibromyalgia -> CPK, CRP, ANA, RF -> Normal results -> Fatigue greater than appropriate for disease -> Persistent fatigue, no medical cause found -> Psychosocial assessment -> No specific psychiatric diagnosis identified -> Symptomatic treatment: reorganize schedule, graduated activity/exercise to minimize deconditioning; consider referral to cognitive therapy",fatigue
"A 32-year-old woman presents to her primary care physician complaining of persistent fatigue for the past 7 months. She denies fever, weight loss, or any other specific symptoms. Physical examination and initial laboratory tests, including tests for Lyme disease and coccidioidomycosis, are unremarkable. What is the MOST appropriate next step in evaluating her fatigue?",Perform a psychosocial assessment to identify potential social or situational problems contributing to her fatigue.,"['Prescribe a trial of stimulant medication to improve her energy levels.', 'Order advanced imaging of the brain to rule out neurological causes.', 'Refer her to a sleep specialist for evaluation of possible sleep disorders.', 'Perform a psychosocial assessment to identify potential social or situational problems contributing to her fatigue.', 'Repeat the initial laboratory tests in 3 months to monitor for any changes.']",D,"History, including careful description of fatigue. Physical examination -> Geographic risk factors -> Test for Lyme disease or coccidioidomycosis -> Normal results -> Fatigue greater than appropriate for disease -> Persistent fatigue, no medical cause found -> Psychosocial assessment -> Social/situational problem identified -> Referral/treatment",fatigue
"A 35-year-old woman presents to her primary care physician complaining of persistent fatigue for the past 8 months. She reports generalized aching muscles, sleep disturbances, and multiple tender points on examination. Initial lab results, including CPK, CRP, ANA, and RF, are normal. The physician suspects fibromyalgia but notes the patient's fatigue seems disproportionate to her physical symptoms. What is the MOST appropriate next step in evaluating the patient's fatigue?",Perform a thorough psychosocial assessment to identify potential contributing factors.,"['Prescribe a trial of low-dose antidepressants to manage potential underlying depression.', 'Order advanced imaging of the brain to rule out neurological causes of fatigue.', 'Refer the patient to a rheumatologist for further evaluation of fibromyalgia.', 'Recommend a graded exercise program to improve energy levels and reduce fatigue.', 'Perform a thorough psychosocial assessment to identify potential contributing factors.']",E,"History, including careful description of fatigue. Physical examination -> Findings consistent with fibromyalgia -> CPK, CRP, ANA, RF -> Normal results -> Fatigue greater than appropriate for disease -> Persistent fatigue, no medical cause found -> Psychosocial assessment -> Social/situational problem identified -> Referral/treatment",fatigue
"A 70-year-old male presents with shortness of breath and chest discomfort. A chest X-ray reveals a pleural effusion. After performing a thoracentesis, the pleural fluid analysis shows the following: Total Protein fluid/serum >0.5, Lactate Dehydrogenase fluid/serum >0.6, and Lactate Dehydrogenase fluid >2/3 upper limit of normal. Based on these findings, what is the most likely classification of the pleural effusion?",Exudate.,"['Transudate.', 'Malignant.', 'Empyema.', 'Chylothorax.', 'Exudate.']",E,Patient with PLEURAL EFFUSION -> History -> Physical examination -> Imaging. PA and lateral CXR. Consider decubitis film. Consider ultrasound -> Suspect CHF or viral pleurisy -> No or atypical progression -> Thoracentesis -> Light's criteria. TPf/TPs >0.5. LDHf/LDHs >0.6. LDHpf >2/3 upper limit of normal -> Transudate. CHF. Nephrotic syndrome. Cirrhosis. PE,pleural effusion
"A 54-year-old male presents to the emergency department with shortness of breath and chest pain. A chest X-ray reveals a large pleural effusion. After thoracentesis, the pleural fluid is noted to be milky-white in appearance. According to the reasoning sequence, what is the most likely cause of this pleural effusion?",Chylothorax,"['Empyema', 'Congestive Heart Failure', 'Tuberculosis', 'Malignancy', 'Chylothorax']",E,"Patient with PLEURAL EFFUSION -> History -> Physical examination -> Imaging. PA and lateral CXR. Consider decubitis film. Consider ultrasound -> Suspect CHF or viral pleurisy -> No or atypical progression -> Thoracentesis -> Light's criteria. TPf/TPs >0.5. LDHf/LDHs >0.6. LDHpf >2/3 upper limit of normal -> Exudate -> Examine for color and odor. Bloody-PE, trauma, malignancy. Putrid- anaerobic infection. Milky- chylothorax",pleural effusion
"A 54-year-old man with a history of rheumatoid arthritis presents with dyspnea and chest pain. A chest X-ray reveals a moderate-sized pleural effusion. Thoracentesis is performed, and the pleural fluid analysis shows the following: TPf/TPs >0.5, LDHf/LDHs >0.6, and LDHpf >2/3 upper limit of normal. The pH of the pleural fluid is 7.15, and the glucose level is 50 mg/dL. Based on these findings, what is the most likely underlying cause of the pleural effusion?",Rheumatoid arthritis,"['Congestive heart failure', 'Viral pleurisy', 'Tuberculosis', 'Systemic lupus erythematosus', 'Rheumatoid arthritis']",E,Patient with PLEURAL EFFUSION -> History -> Physical examination -> Imaging. PA and lateral CXR. Consider decubitis film. Consider ultrasound -> Suspect CHF or viral pleurisy -> No or atypical progression -> Thoracentesis -> Light's criteria. TPf/TPs >0.5. LDHf/LDHs >0.6. LDHpf >2/3 upper limit of normal -> Exudate -> pH <7.20mg/dl or glucose <60. Empyema. Complicated para-pneumonic effusion. Rheumatoid arthritis. Tuberculosis. Systemic lupus erythematosus. Malignancy,pleural effusion
"A 54-year-old male presents with shortness of breath and chest discomfort. A chest X-ray reveals a pleural effusion. After performing a thoracentesis, the pleural fluid analysis shows the following: Total Protein fluid/serum ratio: 0.6, LDH fluid/serum ratio: 0.7, and Pleural fluid LDH: 300 IU/L (serum LDH upper limit of normal is 200 IU/L). According to Light's criteria, what is the next step in management?",Gram stain and culture of the pleural fluid to rule out infection.,"['Repeat thoracentesis for further analysis.', 'Initiate treatment for congestive heart failure.', 'Perform a CT scan of the chest.', 'Administer antibiotics empirically.', 'Gram stain and culture of the pleural fluid to rule out infection.']",E,Patient with PLEURAL EFFUSION -> History -> Physical examination -> Imaging. PA and lateral CXR. Consider decubitis film. Consider ultrasound -> Suspect CHF or viral pleurisy -> No or atypical progression -> Thoracentesis -> Light's criteria. TPf/TPs >0.5. LDHf/LDHs >0.6. LDHpf >2/3 upper limit of normal -> Exudate -> Concern for infection -> Gram stain and culture,pleural effusion
"A 54-year-old male presents to the emergency department with shortness of breath and chest pain. A chest X-ray reveals a large pleural effusion. A thoracentesis is performed, and the pleural fluid is sent for analysis. The lab results show a total cell count >50,000. Based on these findings, what is the most likely diagnosis?",Empyema,"['Congestive heart failure', 'Viral pleurisy', 'Tuberculosis', 'Empyema', 'Chylothorax']",D,"Patient with PLEURAL EFFUSION -> History -> Physical examination -> Imaging. PA and lateral CXR. Consider decubitis film. Consider ultrasound -> Suspect CHF or viral pleurisy -> No or atypical progression -> Thoracentesis -> Light's criteria. TPf/TPs >0.5. LDHf/LDHs >0.6. LDHpf >2/3 upper limit of normal -> Exudate -> Cell count and differential -> Total cell count -> >50,000 -> Empyema",pleural effusion
"A 54-year-old male presents with dyspnea and chest discomfort. A chest X-ray reveals a moderate-sized pleural effusion. Thoracentesis is performed, and the pleural fluid analysis shows the following: TPf/TPs >0.5, LDHf/LDHs >0.6, LDHpf >2/3 upper limit of normal. The total cell count is 4000 cells/uL. According to the reasoning sequence, what is the most likely classification of this pleural effusion?",Chronic exudate,"['Transudate', 'Acute exudate', 'Empyema', 'Hemothorax', 'Chronic exudate']",E,Patient with PLEURAL EFFUSION -> History -> Physical examination -> Imaging. PA and lateral CXR. Consider decubitis film. Consider ultrasound -> Suspect CHF or viral pleurisy -> No or atypical progression -> Thoracentesis -> Light's criteria. TPf/TPs >0.5. LDHf/LDHs >0.6. LDHpf >2/3 upper limit of normal -> Exudate -> Cell count and differential -> Total cell count -> <5000 -> Chronic exudate,pleural effusion
"A 54-year-old male presents with a large pleural effusion. Thoracentesis is performed, and the pleural fluid analysis reveals the following: TPf/TPs >0.5, LDHf/LDHs >0.6, and LDHpf >2/3 upper limit of normal. Cell count and differential reveal a lymphocyte count of 90%. Which of the following is the MOST likely diagnosis?",Tuberculosis,"['Congestive Heart Failure', 'Viral Pleurisy', 'Tuberculosis', 'Bacterial Pneumonia', 'Pulmonary Embolism']",C,Patient with PLEURAL EFFUSION -> History -> Physical examination -> Imaging. PA and lateral CXR. Consider decubitis film. Consider ultrasound -> Suspect CHF or viral pleurisy -> No or atypical progression -> Thoracentesis -> Light's criteria. TPf/TPs >0.5. LDHf/LDHs >0.6. LDHpf >2/3 upper limit of normal -> Exudate -> Cell count and differential -> Lymphocytes 85%-95%. Tuberculosis. Lymphoma. Sarcoid. Rheumatoid arthritis. Chylothorax,pleural effusion
"A 54-year-old male presents with a large pleural effusion detected on a chest X-ray. After thoracentesis, the pleural fluid analysis reveals the following: fluid protein/serum protein ratio of 0.6, fluid LDH/serum LDH ratio of 0.7, and pleural fluid LDH level greater than two-thirds the upper limit of normal serum LDH. According to Light's criteria, what is the most appropriate next step in evaluating the etiology of this pleural effusion?",Further laboratory evaluation is warranted to specifically diagnose the cause of the exudates.,"['Initiate treatment for congestive heart failure.', 'Order a CT scan of the chest with contrast.', 'Perform a pleural biopsy.', 'Measure serum albumin and total protein levels.', 'Further laboratory evaluation is warranted to specifically diagnose the cause of the exudates.']",E,Patient with PLEURAL EFFUSION -> History -> Physical examination -> Imaging. PA and lateral CXR. Consider decubitis film. Consider ultrasound -> Suspect CHF or viral pleurisy -> No or atypical progression -> Thoracentesis -> Light's criteria. TPf/TPs >0.5. LDHf/LDHs >0.6. LDHpf >2/3 upper limit of normal -> Exudate -> Cell count and differential -> Eosinophils >10%. Pneumothorax. Hemothorax. Pulmonary infarction. Asbestosis. Parasitic disease. Fungal infection. Drugs. Malignancy. Churg-Strauss syndrome,pleural effusion
"A 54-year-old male presents with shortness of breath and chest pain. A chest X-ray reveals a large pleural effusion. A thoracentesis is performed, and the pleural fluid is sent for analysis. The results show a fluid protein/serum protein ratio of 0.6, a fluid LDH/serum LDH ratio of 0.7, and a pleural fluid LDH level of 500 U/L (upper limit of normal serum LDH is 200 U/L). The hematocrit of the pleural fluid is 60%, while the peripheral hematocrit is 40%. Based on these findings, what is the most likely diagnosis?",Hemothorax,"['Empyema', 'Transudative effusion', 'Chylothorax', 'Parapneumonic effusion', 'Hemothorax']",E,Patient with PLEURAL EFFUSION -> History -> Physical examination -> Imaging. PA and lateral CXR. Consider decubitis film. Consider ultrasound -> Suspect CHF or viral pleurisy -> No or atypical progression -> Thoracentesis -> Light's criteria. TPf/TPs >0.5. LDHf/LDHs >0.6. LDHpf >2/3 upper limit of normal -> Exudate -> Cell count and differential -> HCT >50% peripheral HCT. Hemothorax,pleural effusion
"A 54-year-old male presents to the emergency department with shortness of breath and chest pain. A chest X-ray reveals a moderate-sized pleural effusion. After thoracentesis, the pleural fluid analysis shows the following: Total protein (pleural fluid) 3.5 g/dL, Total protein (serum) 6.0 g/dL, LDH (pleural fluid) 300 U/L, LDH (serum) 400 U/L. What is the MOST likely next step in the evaluation of this patient's pleural effusion?",Perform a cell count and differential on the pleural fluid.,"['Repeat the thoracentesis and send additional fluid for analysis.', 'Order a CT scan of the chest with contrast.', 'Start the patient on broad-spectrum antibiotics.', 'Perform a cell count and differential on the pleural fluid.', 'Prescribe diuretics and monitor the patient’s symptoms.']",D,Patient with PLEURAL EFFUSION -> History -> Physical examination -> Imaging. PA and lateral CXR. Consider decubitis film. Consider ultrasound -> Suspect CHF or viral pleurisy -> No or atypical progression -> Thoracentesis -> Light's criteria. TPf/TPs >0.5. LDHf/LDHs >0.6. LDHpf >2/3 upper limit of normal -> Exudate -> Cell count and differential -> Mononuclear cell predominant. Viral infection. Chronic causes,pleural effusion
"A 60-year-old male presents with a large pleural effusion. After thoracentesis, the pleural fluid analysis reveals the following: Total Protein fluid/serum ratio >0.5, LDH fluid/serum ratio >0.6, and pleural fluid LDH >2/3 upper limit of normal. Cytology is positive. What is the most likely diagnosis?",Primary lung cancer stage IIIB,"['Congestive Heart Failure', 'Tuberculosis', 'Primary lung cancer stage IIIB', 'Empyema', 'Cirrhosis']",C,Patient with PLEURAL EFFUSION -> History -> Physical examination -> Imaging. PA and lateral CXR. Consider decubitis film. Consider ultrasound -> Suspect CHF or viral pleurisy -> No or atypical progression -> Thoracentesis -> Light's criteria. TPf/TPs >0.5. LDHf/LDHs >0.6. LDHpf >2/3 upper limit of normal -> Exudate -> Cytology positive -> Primary lung cancer stage IIIB,pleural effusion
"A 70-year-old male presents with a large pleural effusion. Thoracentesis is performed, and the pleural fluid analysis reveals the following: Total protein in pleural fluid is 4.0 g/dL, serum total protein is 6.0 g/dL, LDH in pleural fluid is 400 U/L, serum LDH is 200 U/L, and pleural fluid LDH is greater than two-thirds the upper limit of normal for serum. According to Light's criteria, what type of effusion is this, and what is the next step in management?",Exudative effusion; further laboratory evaluation to diagnose the cause.,"['Transudative effusion; treat underlying condition such as heart failure or cirrhosis.', 'Exudative effusion; perform a repeat thoracentesis in 24 hours.', 'Transudative effusion; no further testing is needed.', 'Exudative effusion; initiate empiric antibiotic therapy.', 'Exudative effusion; further laboratory evaluation to diagnose the cause.']",E,Patient with PLEURAL EFFUSION -> History -> Physical examination -> Imaging. PA and lateral CXR. Consider decubitis film. Consider ultrasound -> Suspect CHF or viral pleurisy -> No or atypical progression -> Thoracentesis -> Light's criteria. TPf/TPs >0.5. LDHf/LDHs >0.6. LDHpf >2/3 upper limit of normal -> Exudate -> Cytology positive -> Metastatic disease,pleural effusion
"A 58-year-old male presents with a large pleural effusion detected on a routine chest X-ray. After thoracentesis, the pleural fluid analysis reveals the following: Total Protein fluid/serum ratio >0.5, LDH fluid/serum ratio >0.6, and pleural fluid LDH level is more than two-thirds the upper limit of normal serum LDH. Cytology is positive for malignant cells. Given this information, what is the next most appropriate step in the evaluation?",Flow cytometry,"['Chest tube placement', 'Pleural biopsy', 'CT scan of the chest', 'Gram stain and culture', 'Flow cytometry']",E,Patient with PLEURAL EFFUSION -> History -> Physical examination -> Imaging. PA and lateral CXR. Consider decubitis film. Consider ultrasound -> Suspect CHF or viral pleurisy -> No or atypical progression -> Thoracentesis -> Light's criteria. TPf/TPs >0.5. LDHf/LDHs >0.6. LDHpf >2/3 upper limit of normal -> Exudate -> Cytology positive -> Lymphoma -> Flow cytometry,pleural effusion
"A 54-year-old male presents with a large pleural effusion. Thoracentesis is performed, and the following pleural fluid results are obtained: Total protein (pleural fluid) 4.0 g/dL, Total protein (serum) 6.0 g/dL, LDH (pleural fluid) 400 U/L, LDH (serum) 200 U/L, LDH normal upper limit 200 U/L. What is the most likely classification of this pleural effusion?",Exudate,"['Transudate', 'Empyema', 'Chylothorax', 'Hemothorax', 'Exudate']",E,Patient with PLEURAL EFFUSION -> History -> Physical examination -> Imaging. PA and lateral CXR. Consider decubitis film. Consider ultrasound -> Suspect CHF or viral pleurisy -> No or atypical progression -> Thoracentesis -> Light's criteria. TPf/TPs >0.5. LDHf/LDHs >0.6. LDHpf >2/3 upper limit of normal -> Exudate -> Other chemistry abnormalities -> Triglycerides >110 mg/dl. Chylothorax. Pseudo-chylothorax,pleural effusion
"A 54-year-old male presents with shortness of breath and chest pain. A chest X-ray reveals a large pleural effusion. After thoracentesis, the pleural fluid analysis shows the following: Total protein (pleural fluid) 4.0 g/dL, Total protein (serum) 6.0 g/dL, LDH (pleural fluid) 400 U/L, LDH (serum) 500 U/L, Upper limit of normal for serum LDH: 200 U/L. According to Light's criteria, what is the most likely classification and possible etiology of this pleural effusion?","Exudative effusion, further evaluation for etiologies such as infection, malignancy, or pancreatitis is warranted.","['Transudative effusion, likely due to congestive heart failure.', 'Exudative effusion, further evaluation for etiologies such as infection, malignancy, or pancreatitis is warranted.', 'Transudative effusion, likely due to cirrhosis.', 'Exudative effusion, likely due to hypoalbuminemia.', 'Transudative effusion, no further evaluation is needed.']",B,Patient with PLEURAL EFFUSION -> History -> Physical examination -> Imaging. PA and lateral CXR. Consider decubitis film. Consider ultrasound -> Suspect CHF or viral pleurisy -> No or atypical progression -> Thoracentesis -> Light's criteria. TPf/TPs >0.5. LDHf/LDHs >0.6. LDHpf >2/3 upper limit of normal -> Exudate -> Other chemistry abnormalities -> Elevated amylase. Pancreatitis. Malignancy. Esophageal rupture,pleural effusion
"A 54-year-old male presents with shortness of breath and chest discomfort. A chest X-ray reveals a pleural effusion. After thoracentesis, the pleural fluid analysis shows the following: Total protein >8 g/dL, fluid protein/serum protein ratio of 0.6, fluid LDH/serum LDH ratio of 0.7, and fluid LDH level greater than two-thirds the upper limit of normal serum LDH. What condition should be highly suspected given these findings?",Multiple myeloma,"['Congestive heart failure', 'Tuberculosis', 'Bacterial pneumonia', 'Multiple myeloma', 'Pulmonary embolism']",D,Patient with PLEURAL EFFUSION -> History -> Physical examination -> Imaging. PA and lateral CXR. Consider decubitis film. Consider ultrasound -> Suspect CHF or viral pleurisy -> No or atypical progression -> Thoracentesis -> Light's criteria. TPf/TPs >0.5. LDHf/LDHs >0.6. LDHpf >2/3 upper limit of normal -> Exudate -> Other chemistry abnormalities -> Total protein >8 g/dl. Multiple myeloma. Waldenström's macroglobulinemia,pleural effusion
"A 54-year-old male presents with a large pleural effusion detected on a chest X-ray. After thoracentesis, the pleural fluid analysis reveals the following: Total Protein (pleural fluid) / Total Protein (serum) = 0.6, LDH (pleural fluid) / LDH (serum) = 0.7, and LDH (pleural fluid) is greater than two-thirds the upper limit of normal in the serum. Assuming all initial studies are unrevealing, what is the next appropriate step in management?",Observation and possible pleural biopsy if the effusion recurs.,"['Initiate antibiotic therapy for presumed parapneumonic effusion.', 'Prescribe diuretics and monitor for resolution, suspecting CHF.', 'Order a CT scan of the chest with contrast to evaluate for pulmonary embolism.', 'Start antituberculosis therapy.', 'Observation and possible pleural biopsy if the effusion recurs.']",E,Patient with PLEURAL EFFUSION -> History -> Physical examination -> Imaging. PA and lateral CXR. Consider decubitis film. Consider ultrasound -> Suspect CHF or viral pleurisy -> No or atypical progression -> Thoracentesis -> Light's criteria. TPf/TPs >0.5. LDHf/LDHs >0.6. LDHpf >2/3 upper limit of normal -> Exudate -> All studies unrevealing. Observation. Pleural biopsy if recurrent,pleural effusion
"A 72-year-old male presents with shortness of breath and chest discomfort. Physical examination reveals decreased breath sounds on the right side, dullness to percussion, and decreased tactile fremitus. A chest X-ray confirms the presence of a pleural effusion. What is the most appropriate next step in the evaluation of this patient?","Obtain PA and lateral chest X-rays, considering a decubitus film or ultrasound to further evaluate the effusion.","['Perform immediate thoracentesis for fluid analysis.', 'Administer intravenous diuretics to reduce fluid overload.', 'Order a CT scan of the chest with contrast.', 'Prescribe broad-spectrum antibiotics to cover potential infections.', 'Obtain PA and lateral chest X-rays, considering a decubitus film or ultrasound to further evaluate the effusion.']",E,Patient with PLEURAL EFFUSION -> History -> Physical examination -> Imaging. PA and lateral CXR. Consider decubitis film. Consider ultrasound -> Suspect CHF or viral pleurisy -> Yes -> Observation,pleural effusion
A 55-year-old male presents to the emergency department complaining of acute onset dyspnea. He has a history of hypertension and obesity. What is the most appropriate initial step in evaluating this patient?,"Assess the patient's history, focusing on the acute nature of the dyspnea and associated symptoms.","['Order a chest X-ray to rule out pulmonary causes.', 'Administer oxygen and monitor oxygen saturation.', 'Assess the patient's history, focusing on the acute nature of the dyspnea and associated symptoms.', 'Perform a physical examination, including auscultation of the lungs and heart.', 'Obtain an ECG to evaluate for cardiac ischemia.']",C,"Patient with DYSPNEA -> The initial assessment of a patient with dyspnea focuses on the history. -> Acute dyspnea should be evaluated urgently, often in the emergency department. -> often in emergency department",dyspnea
"A 54-year-old male presents to the clinic complaining of shortness of breath that has gradually worsened over the past six months. He has a history of hypertension and occasional palpitations. His physical exam reveals mild bibasilar crackles and a slightly elevated jugular venous pressure. After performing a chest X-ray (CXR) and a complete blood count (CBC), what is the next best step in evaluating the cause of his dyspnea, considering potential cardiac involvement?","The next step should be ECG, echocardiography, and possible cardiopulmonary exercise testing.","['Pulmonary function testing (PFT).', 'Administering a bronchodilator and assessing response.', 'Prescribing a course of antibiotics to rule out infection.', 'The next step should be ECG, echocardiography, and possible cardiopulmonary exercise testing.', 'Performing a high-resolution CT scan of the chest.']",D,"Patient with DYSPNEA -> The initial assessment of a patient with dyspnea focuses on the history. -> More chronic dyspnea may be evaluated in a stepwise fashion in an outpatient setting. -> Physical examination helps guide further diagnostic studies. -> The first study in the evaluation of dyspnea is often a chest x-ray (CXR). This study can reveal underlying changes consistent with CHF, chronic obstructive pulmonary disease (COPD), or interstitial lung disease. It can also demonstrate pleural effusions, which may have been suspected based on the physical examination, and masses, which may have gone undetected. At the same time, initial studies should include a CBC to assess for anemia as a cause of dyspnea. -> Nonpulmonary causes -> The most common nonpulmonary causes of dyspnea are cardiac in origin. These include CHF, cardiac ischemia, arrhythmias, and valvular disease. -> These different causes can be better distinguished by ECG, echocardiography, and possible cardiopulmonary exercise testing. -> Abnormal -> Treatment should be guided by the individual diagnosis.",dyspnea
"A 52-year-old woman presents to the emergency department complaining of shortness of breath that has gradually worsened over the past few weeks. She has a history of hypertension and type 2 diabetes, but no known lung disease. She denies chest pain, fever, or cough. On examination, she is noted to have an elevated heart rate and mild pallor. Which of the following should be included in the initial assessment?",Initial studies should include a CBC to assess for anemia as a cause of dyspnea.,"['Sputum culture', 'CT angiography of the chest', 'Arterial blood gas', 'Pulmonary function testing', 'Initial studies should include a CBC to assess for anemia as a cause of dyspnea.']",E,"Patient with DYSPNEA -> The initial assessment of a patient with dyspnea focuses on the history. -> More chronic dyspnea may be evaluated in a stepwise fashion in an outpatient setting. -> Physical examination helps guide further diagnostic studies. -> The first study in the evaluation of dyspnea is often a chest x-ray (CXR). This study can reveal underlying changes consistent with CHF, chronic obstructive pulmonary disease (COPD), or interstitial lung disease. It can also demonstrate pleural effusions, which may have been suspected based on the physical examination, and masses, which may have gone undetected. At the same time, initial studies should include a CBC to assess for anemia as a cause of dyspnea. -> Nonpulmonary causes -> Other nonpulmonary causes include metabolic derangements and anemia. -> Anemia",dyspnea
A 54-year-old male presents to the clinic complaining of shortness of breath that has been worsening over the past few months. He has a history of smoking and occasional wheezing. What is the MOST appropriate next step in evaluating the cause of his dyspnea?,The first study in the evaluation of dyspnea is often a chest x-ray (CXR).,"['Pulmonary function testing (PFT)', 'Detailed patient history', 'Arterial blood gas (ABG)', 'Chest CT scan', 'The first study in the evaluation of dyspnea is often a chest x-ray (CXR).']",E,"Patient with DYSPNEA -> The initial assessment of a patient with dyspnea focuses on the history. -> More chronic dyspnea may be evaluated in a stepwise fashion in an outpatient setting. -> Physical examination helps guide further diagnostic studies. -> The first study in the evaluation of dyspnea is often a chest x-ray (CXR). This study can reveal underlying changes consistent with CHF, chronic obstructive pulmonary disease (COPD), or interstitial lung disease. It can also demonstrate pleural effusions, which may have been suspected based on the physical examination, and masses, which may have gone undetected. At the same time, initial studies should include a CBC to assess for anemia as a cause of dyspnea. -> Nonpulmonary causes -> Other nonpulmonary causes include metabolic derangements and anemia. -> Medications",dyspnea
A 58-year-old male with a history of diabetes presents to the emergency department complaining of dyspnea. He reports rapid and deep breaths. Which of the following should be part of the initial workup to determine the cause of his dyspnea?,Check CBC to assess for anemia and perform a chest X-ray.,"['Perform pulmonary function testing', 'Order an ECG', 'Check CBC to assess for anemia and perform a chest X-ray.', 'Order an echocardiogram', 'Administer a bronchodilator']",C,"Patient with DYSPNEA -> The initial assessment of a patient with dyspnea focuses on the history. -> More chronic dyspnea may be evaluated in a stepwise fashion in an outpatient setting. -> Physical examination helps guide further diagnostic studies. -> The first study in the evaluation of dyspnea is often a chest x-ray (CXR). This study can reveal underlying changes consistent with CHF, chronic obstructive pulmonary disease (COPD), or interstitial lung disease. It can also demonstrate pleural effusions, which may have been suspected based on the physical examination, and masses, which may have gone undetected. At the same time, initial studies should include a CBC to assess for anemia as a cause of dyspnea. -> Nonpulmonary causes -> Other nonpulmonary causes include metabolic derangements and anemia. -> DKA",dyspnea
"A 58-year-old male presents to the clinic complaining of shortness of breath that has been worsening over the past few months. He denies chest pain, fever, or cough. Physical examination reveals decreased breath sounds bilaterally and mild clubbing of the fingers. What is the MOST appropriate next step in the evaluation of his dyspnea?",Obtain a chest x-ray and complete blood count.,"['Perform pulmonary function testing.', 'Order a CT scan of the chest.', 'Obtain a chest x-ray and complete blood count.', 'Perform a cardiopulmonary exercise test.', 'Order an electrocardiogram.']",C,"Patient with DYSPNEA -> The initial assessment of a patient with dyspnea focuses on the history. -> More chronic dyspnea may be evaluated in a stepwise fashion in an outpatient setting. -> Physical examination helps guide further diagnostic studies. -> The first study in the evaluation of dyspnea is often a chest x-ray (CXR). This study can reveal underlying changes consistent with CHF, chronic obstructive pulmonary disease (COPD), or interstitial lung disease. It can also demonstrate pleural effusions, which may have been suspected based on the physical examination, and masses, which may have gone undetected. At the same time, initial studies should include a CBC to assess for anemia as a cause of dyspnea. -> Nonpulmonary causes -> Other nonpulmonary causes include metabolic derangements and anemia. -> Normal -> Consider cardiopulmonary exercise test",dyspnea
"A 54-year-old woman presents to her primary care physician complaining of shortness of breath that has been worsening over the past few months. She has no significant past medical history and denies any smoking or occupational exposures. On physical examination, her lungs are clear to auscultation, and her cardiac exam is normal. A chest x-ray comes back normal. What is the MOST appropriate next step in evaluating her dyspnea?",Consider cardiopulmonary exercise test,"['Obtain a high-resolution CT scan of the chest', 'Prescribe a short course of oral corticosteroids', 'Initiate empiric treatment for asthma', 'Order pulmonary function testing (PFT)', 'Consider cardiopulmonary exercise test']",E,"Patient with DYSPNEA -> The initial assessment of a patient with dyspnea focuses on the history. -> More chronic dyspnea may be evaluated in a stepwise fashion in an outpatient setting. -> Physical examination helps guide further diagnostic studies. -> The first study in the evaluation of dyspnea is often a chest x-ray (CXR). This study can reveal underlying changes consistent with CHF, chronic obstructive pulmonary disease (COPD), or interstitial lung disease. It can also demonstrate pleural effusions, which may have been suspected based on the physical examination, and masses, which may have gone undetected. At the same time, initial studies should include a CBC to assess for anemia as a cause of dyspnea. -> Nonpulmonary causes -> Other nonpulmonary causes include ... psychological causes of dyspnea such as anxiety, panic attacks, or depression. -> Normal -> Consider cardiopulmonary exercise test",dyspnea
"A 43-year-old woman presents to the clinic complaining of shortness of breath, especially during periods of stress. Her physical exam is unremarkable, and her initial chest X-ray comes back normal. What is the MOST likely next step in evaluating the cause of her dyspnea, considering potential non-pulmonary and psychological factors?","Consider psychological disorders such as anxiety, panic attacks, or depression as a possible cause.","['Order a chest CT scan to rule out subtle lung abnormalities.', 'Prescribe a short course of bronchodilators to see if her symptoms improve.', 'Perform pulmonary function testing (PFT) to assess for underlying lung disease.', 'Refer her to a cardiologist to evaluate for cardiac causes of dyspnea.', 'Consider psychological disorders such as anxiety, panic attacks, or depression as a possible cause.']",E,"Patient with DYSPNEA -> The initial assessment of a patient with dyspnea focuses on the history. -> More chronic dyspnea may be evaluated in a stepwise fashion in an outpatient setting. -> Physical examination helps guide further diagnostic studies. -> The first study in the evaluation of dyspnea is often a chest x-ray (CXR). This study can reveal underlying changes consistent with CHF, chronic obstructive pulmonary disease (COPD), or interstitial lung disease. It can also demonstrate pleural effusions, which may have been suspected based on the physical examination, and masses, which may have gone undetected. At the same time, initial studies should include a CBC to assess for anemia as a cause of dyspnea. -> Nonpulmonary causes -> Other nonpulmonary causes include ... psychological causes of dyspnea such as anxiety, panic attacks, or depression. -> Anxiety",dyspnea
"A 45-year-old woman presents to her primary care physician complaining of shortness of breath, especially during periods of stress at work. She denies any cough, chest pain, or fever. Physical examination, including lung auscultation, is unremarkable. A chest X-ray comes back normal. What is the MOST likely underlying cause of her dyspnea?",Depression,"['COPD', 'CHF', 'Anemia', 'Asthma', 'Depression']",E,"Patient with DYSPNEA -> The initial assessment of a patient with dyspnea focuses on the history. -> More chronic dyspnea may be evaluated in a stepwise fashion in an outpatient setting. -> Physical examination helps guide further diagnostic studies. -> The first study in the evaluation of dyspnea is often a chest x-ray (CXR). This study can reveal underlying changes consistent with CHF, chronic obstructive pulmonary disease (COPD), or interstitial lung disease. It can also demonstrate pleural effusions, which may have been suspected based on the physical examination, and masses, which may have gone undetected. At the same time, initial studies should include a CBC to assess for anemia as a cause of dyspnea. -> Nonpulmonary causes -> Other nonpulmonary causes include ... psychological causes of dyspnea such as anxiety, panic attacks, or depression. -> Depression",dyspnea
"A 58-year-old male presents to the clinic complaining of dyspnea for the past 6 months. His chest X-ray is unremarkable. According to the stepwise approach, what should be the next step in evaluating his dyspnea?",Pulmonary function testing (PFT),"['Repeat chest X-ray', 'Administer a bronchodilator and reassess', 'Pulmonary function testing (PFT)', 'Prescribe empiric antibiotics', 'Refer for immediate cardiac catheterization']",C,"Patient with DYSPNEA -> The initial assessment of a patient with dyspnea focuses on the history. -> More chronic dyspnea may be evaluated in a stepwise fashion in an outpatient setting. -> Physical examination helps guide further diagnostic studies. -> The first study in the evaluation of dyspnea is often a chest x-ray (CXR). This study can reveal underlying changes consistent with CHF, chronic obstructive pulmonary disease (COPD), or interstitial lung disease. It can also demonstrate pleural effusions, which may have been suspected based on the physical examination, and masses, which may have gone undetected. At the same time, initial studies should include a CBC to assess for anemia as a cause of dyspnea. -> Pulmonary causes -> In a patient with presumed pulmonary disease and normal CXR, the next step is often pulmonary function testing (PFT). -> Initial spirometry can guide further studies, diagnose obstruction (FEV1/FVC <70%), and suggest restrictive physiology. Lung volumes will diagnose restriction, and additional PFT can help distinguish between interstitial lung disease, neuromuscular weakness, and results in disorders of the chest wall. -> Restrictive -> Parenchymal disease",dyspnea
"A 54-year-old woman presents to her primary care physician complaining of dyspnea for the past 6 months. Her chest X-ray is normal. According to the stepwise approach for evaluating dyspnea, what is the next most appropriate step in management?",Pulmonary function testing (PFT).,"['Repeat chest X-ray in 3 months', 'Prescribe an inhaled corticosteroid', 'Pulmonary function testing (PFT).', 'Start a trial of antibiotics', 'Refer to a cardiologist for echocardiography']",C,"Patient with DYSPNEA -> The initial assessment of a patient with dyspnea focuses on the history. -> More chronic dyspnea may be evaluated in a stepwise fashion in an outpatient setting. -> Physical examination helps guide further diagnostic studies. -> The first study in the evaluation of dyspnea is often a chest x-ray (CXR). This study can reveal underlying changes consistent with CHF, chronic obstructive pulmonary disease (COPD), or interstitial lung disease. It can also demonstrate pleural effusions, which may have been suspected based on the physical examination, and masses, which may have gone undetected. At the same time, initial studies should include a CBC to assess for anemia as a cause of dyspnea. -> Pulmonary causes -> In a patient with presumed pulmonary disease and normal CXR, the next step is often pulmonary function testing (PFT). -> Initial spirometry can guide further studies, diagnose obstruction (FEV1/FVC <70%), and suggest restrictive physiology. Lung volumes will diagnose restriction, and additional PFT can help distinguish between interstitial lung disease, neuromuscular weakness, and results in disorders of the chest wall. -> Restrictive -> Neuromuscular disease",dyspnea
"A 54-year-old male presents to the clinic with complaints of dyspnea on exertion for the past 6 months. His initial chest X-ray is normal, but his physician suspects a pulmonary cause. What is the MOST appropriate next step in evaluating this patient's dyspnea?",Pulmonary function testing (PFT),"['Cardiac stress test', 'Pulmonary function testing (PFT)', 'High-resolution CT scan of the chest', 'Ventilation/perfusion scan', 'Bronchoscopy']",B,"Patient with DYSPNEA -> The initial assessment of a patient with dyspnea focuses on the history. -> More chronic dyspnea may be evaluated in a stepwise fashion in an outpatient setting. -> Physical examination helps guide further diagnostic studies. -> The first study in the evaluation of dyspnea is often a chest x-ray (CXR). This study can reveal underlying changes consistent with CHF, chronic obstructive pulmonary disease (COPD), or interstitial lung disease. It can also demonstrate pleural effusions, which may have been suspected based on the physical examination, and masses, which may have gone undetected. At the same time, initial studies should include a CBC to assess for anemia as a cause of dyspnea. -> Pulmonary causes -> In a patient with presumed pulmonary disease and normal CXR, the next step is often pulmonary function testing (PFT). -> Initial spirometry can guide further studies, diagnose obstruction (FEV1/FVC <70%), and suggest restrictive physiology. Lung volumes will diagnose restriction, and additional PFT can help distinguish between interstitial lung disease, neuromuscular weakness, and results in disorders of the chest wall. -> Restrictive -> Chest wall deformity",dyspnea
"A 54-year-old male presents to the clinic complaining of shortness of breath that has been worsening over the past 6 months. He has a history of smoking one pack of cigarettes per day for 30 years. Physical examination reveals decreased breath sounds bilaterally with a prolonged expiratory phase. His chest X-ray comes back normal. According to the reasoning provided, what would be the next appropriate step in evaluating this patient's dyspnea?",Pulmonary function testing (PFT),"['Echocardiography', 'Pulmonary function testing (PFT)', 'CT scan of the chest', 'Bronchoscopy', 'Arterial blood gas (ABG)']",B,"Patient with DYSPNEA -> The initial assessment of a patient with dyspnea focuses on the history. -> More chronic dyspnea may be evaluated in a stepwise fashion in an outpatient setting. -> Physical examination helps guide further diagnostic studies. -> The first study in the evaluation of dyspnea is often a chest x-ray (CXR). This study can reveal underlying changes consistent with CHF, chronic obstructive pulmonary disease (COPD), or interstitial lung disease. It can also demonstrate pleural effusions, which may have been suspected based on the physical examination, and masses, which may have gone undetected. At the same time, initial studies should include a CBC to assess for anemia as a cause of dyspnea. -> Pulmonary causes -> In a patient with presumed pulmonary disease and normal CXR, the next step is often pulmonary function testing (PFT). -> Initial spirometry can guide further studies, diagnose obstruction (FEV1/FVC <70%), and suggest restrictive physiology. Lung volumes will diagnose restriction, and additional PFT can help distinguish between interstitial lung disease, neuromuscular weakness, and results in disorders of the chest wall. -> Obstructive -> Asthma",dyspnea
A 58-year-old male presents to the clinic complaining of dyspnea for the past 6 months. His chest X-ray is unremarkable. What is the MOST appropriate next step in the evaluation of his dyspnea?,Pulmonary function testing (PFT).,"['Repeat chest X-ray in 3 months.', 'Administer a trial of inhaled corticosteroids.', 'Pulmonary function testing (PFT).', 'Prescribe a short course of oral antibiotics.', 'Order a high-resolution CT scan of the chest.']",C,"Patient with DYSPNEA -> The initial assessment of a patient with dyspnea focuses on the history. -> More chronic dyspnea may be evaluated in a stepwise fashion in an outpatient setting. -> Physical examination helps guide further diagnostic studies. -> The first study in the evaluation of dyspnea is often a chest x-ray (CXR). This study can reveal underlying changes consistent with CHF, chronic obstructive pulmonary disease (COPD), or interstitial lung disease. It can also demonstrate pleural effusions, which may have been suspected based on the physical examination, and masses, which may have gone undetected. At the same time, initial studies should include a CBC to assess for anemia as a cause of dyspnea. -> Pulmonary causes -> In a patient with presumed pulmonary disease and normal CXR, the next step is often pulmonary function testing (PFT). -> Initial spirometry can guide further studies, diagnose obstruction (FEV1/FVC <70%), and suggest restrictive physiology. Lung volumes will diagnose restriction, and additional PFT can help distinguish between interstitial lung disease, neuromuscular weakness, and results in disorders of the chest wall. -> Obstructive -> COPD",dyspnea
A 58-year-old male presents to the clinic complaining of dyspnea for the past 6 months. His chest X-ray is unremarkable. What is the MOST appropriate next step in evaluating his dyspnea?,Pulmonary function testing,"['Echocardiography', 'Cardiopulmonary exercise testing', 'Pulmonary function testing', 'Ventilation/perfusion scan', 'High-resolution CT scan']",C,"Patient with DYSPNEA -> The initial assessment of a patient with dyspnea focuses on the history. -> More chronic dyspnea may be evaluated in a stepwise fashion in an outpatient setting. -> Physical examination helps guide further diagnostic studies. -> The first study in the evaluation of dyspnea is often a chest x-ray (CXR). This study can reveal underlying changes consistent with CHF, chronic obstructive pulmonary disease (COPD), or interstitial lung disease. It can also demonstrate pleural effusions, which may have been suspected based on the physical examination, and masses, which may have gone undetected. At the same time, initial studies should include a CBC to assess for anemia as a cause of dyspnea. -> Pulmonary causes -> In a patient with presumed pulmonary disease and normal CXR, the next step is often pulmonary function testing (PFT). -> Initial spirometry can guide further studies, diagnose obstruction (FEV1/FVC <70%), and suggest restrictive physiology. Lung volumes will diagnose restriction, and additional PFT can help distinguish between interstitial lung disease, neuromuscular weakness, and results in disorders of the chest wall. -> Obstructive -> Bronchiectasis",dyspnea
A 58-year-old male presents to the emergency department complaining of increasing shortness of breath over the past 3 months. The patient has a 40-pack-year smoking history. Physical examination reveals decreased breath sounds bilaterally and an increased anterior-posterior chest diameter. Initial chest X-ray reveals hyperinflation and flattened diaphragms. What would be the MOST appropriate next step in the evaluation of this patient's dyspnea?,Obtain a chest CT scan to further evaluate for emphysema and other structural abnormalities.,"['Perform pulmonary function testing to assess for airflow obstruction', 'Prescribe a course of oral corticosteroids to reduce airway inflammation', 'Initiate empiric antibiotic therapy for possible bronchitis', 'Order an electrocardiogram to rule out cardiac causes of dyspnea', 'Obtain a chest CT scan to further evaluate for emphysema and other structural abnormalities.']",E,"Patient with DYSPNEA -> The initial assessment of a patient with dyspnea focuses on the history. -> More chronic dyspnea may be evaluated in a stepwise fashion in an outpatient setting. -> Physical examination helps guide further diagnostic studies. -> The first study in the evaluation of dyspnea is often a chest x-ray (CXR). This study can reveal underlying changes consistent with CHF, chronic obstructive pulmonary disease (COPD), or interstitial lung disease. It can also demonstrate pleural effusions, which may have been suspected based on the physical examination, and masses, which may have gone undetected. At the same time, initial studies should include a CBC to assess for anemia as a cause of dyspnea. -> Pulmonary causes -> An abnormal CXR usually prompts further radiograph studies, specifically a chest CT scan. -> A CT scan can reveal interstitial fibrosis, emphysema, pleural effusions, mass lesions, and pulmonary emboli. -> Emphysema",dyspnea
"A 58-year-old male presents to the emergency department complaining of dyspnea. His initial chest X-ray reveals a mass lesion in the right lung. According to the standard diagnostic approach for dyspnea, what is the MOST appropriate next step in evaluating this patient?",Obtain a chest CT scan to further evaluate the mass lesion and other potential pulmonary abnormalities.,"['Perform pulmonary function testing to assess lung volumes and capacities.', 'Order an ECG to rule out cardiac causes of dyspnea.', 'Prescribe a course of broad-spectrum antibiotics to cover potential infections.', 'Initiate a trial of bronchodilators to assess for reversibility of airflow obstruction.', 'Obtain a chest CT scan to further evaluate the mass lesion and other potential pulmonary abnormalities.']",E,"Patient with DYSPNEA -> The initial assessment of a patient with dyspnea focuses on the history. -> More chronic dyspnea may be evaluated in a stepwise fashion in an outpatient setting. -> Physical examination helps guide further diagnostic studies. -> The first study in the evaluation of dyspnea is often a chest x-ray (CXR). This study can reveal underlying changes consistent with CHF, chronic obstructive pulmonary disease (COPD), or interstitial lung disease. It can also demonstrate pleural effusions, which may have been suspected based on the physical examination, and masses, which may have gone undetected. At the same time, initial studies should include a CBC to assess for anemia as a cause of dyspnea. -> Pulmonary causes -> An abnormal CXR usually prompts further radiograph studies, specifically a chest CT scan. -> A CT scan can reveal interstitial fibrosis, emphysema, pleural effusions, mass lesions, and pulmonary emboli. -> Mass lesion",dyspnea
"A 58-year-old male presents to the emergency department complaining of dyspnea. His initial chest X-ray reveals a possible pleural effusion. According to the standard diagnostic approach for dyspnea, what would be the MOST appropriate next step in evaluating this patient?",Obtain a chest CT scan.,"['Perform pulmonary function testing.', 'Order an ECG to rule out cardiac causes.', 'Prescribe a course of antibiotics for possible pneumonia.', 'Obtain a chest CT scan.', 'Initiate a trial of bronchodilators to assess for reversibility.']",D,"Patient with DYSPNEA -> The initial assessment of a patient with dyspnea focuses on the history. -> More chronic dyspnea may be evaluated in a stepwise fashion in an outpatient setting. -> Physical examination helps guide further diagnostic studies. -> The first study in the evaluation of dyspnea is often a chest x-ray (CXR). This study can reveal underlying changes consistent with CHF, chronic obstructive pulmonary disease (COPD), or interstitial lung disease. It can also demonstrate pleural effusions, which may have been suspected based on the physical examination, and masses, which may have gone undetected. At the same time, initial studies should include a CBC to assess for anemia as a cause of dyspnea. -> Pulmonary causes -> An abnormal CXR usually prompts further radiograph studies, specifically a chest CT scan. -> A CT scan can reveal interstitial fibrosis, emphysema, pleural effusions, mass lesions, and pulmonary emboli. -> Pleural effusion",dyspnea
A 58-year-old male presents to the emergency department complaining of shortness of breath that has progressively worsened over the past three months. He has a history of smoking one pack of cigarettes per day for 35 years. Physical examination reveals decreased breath sounds in the right lower lobe. A chest X-ray is performed and shows a suspicious opacity in the same region. What is the most appropriate next step in the evaluation of this patient's dyspnea?,Obtain a chest CT scan.,"['Order pulmonary function tests.', 'Prescribe a course of antibiotics.', 'Obtain a chest CT scan.', 'Perform bronchoscopy with biopsy.', 'Start the patient on inhaled corticosteroids.']",C,"Patient with DYSPNEA -> The initial assessment of a patient with dyspnea focuses on the history. -> More chronic dyspnea may be evaluated in a stepwise fashion in an outpatient setting. -> Physical examination helps guide further diagnostic studies. -> The first study in the evaluation of dyspnea is often a chest x-ray (CXR). This study can reveal underlying changes consistent with CHF, chronic obstructive pulmonary disease (COPD), or interstitial lung disease. It can also demonstrate pleural effusions, which may have been suspected based on the physical examination, and masses, which may have gone undetected. At the same time, initial studies should include a CBC to assess for anemia as a cause of dyspnea. -> Pulmonary causes -> An abnormal CXR usually prompts further radiograph studies, specifically a chest CT scan. -> A CT scan can reveal interstitial fibrosis, emphysema, pleural effusions, mass lesions, and pulmonary emboli. -> Pulmonary vascular disease",dyspnea
"A 58-year-old male presents to the clinic with a chief complaint of increasing dyspnea over the past 6 months. He has a history of smoking one pack of cigarettes per day for 30 years. Physical examination reveals decreased breath sounds bilaterally and mild clubbing of the fingers. A chest X-ray reveals some abnormalities. According to the text, what would be the next step in the evaluation of his dyspnea?",Chest CT scan,"['Pulmonary function testing', 'Echocardiography', 'Cardiopulmonary exercise testing', 'CBC to assess for anemia', 'Chest CT scan']",E,"Patient with DYSPNEA -> The initial assessment of a patient with dyspnea focuses on the history. -> More chronic dyspnea may be evaluated in a stepwise fashion in an outpatient setting. -> Physical examination helps guide further diagnostic studies. -> The first study in the evaluation of dyspnea is often a chest x-ray (CXR). This study can reveal underlying changes consistent with CHF, chronic obstructive pulmonary disease (COPD), or interstitial lung disease. It can also demonstrate pleural effusions, which may have been suspected based on the physical examination, and masses, which may have gone undetected. At the same time, initial studies should include a CBC to assess for anemia as a cause of dyspnea. -> Pulmonary causes -> An abnormal CXR usually prompts further radiograph studies, specifically a chest CT scan. -> A CT scan can reveal interstitial fibrosis, emphysema, pleural effusions, mass lesions, and pulmonary emboli. -> Interstitial lung disease",dyspnea
A 45-year-old male with a BMI of 35 presents to your office complaining of recent weight gain despite adhering to a diet. He reports a history of successful weight loss with a prescribed diet in the past but recently quit smoking. Which of the following is the MOST appropriate next step in evaluating his obesity?,Order laboratory tests to rule out endocrine causes of obesity.,"['Prescribe an appetite suppressant medication.', 'Refer the patient for bariatric surgery evaluation.', 'Obtain a detailed dietary history and assess caloric expenditure.', 'Recommend a consultation with a registered dietitian.', 'Order laboratory tests to rule out endocrine causes of obesity.']",E,"Root node representing a patient with obesity -> Gather patient history including rate of weight gain, dietary history, caloric expenditure, prescribed diet for successful weight loss, recently quit smoking, endocrine features (cold, constipation, hair change, virilization, striae, buffalo hump) -> Tests to rule out endocrine causes",obesity
A 45-year-old male with a BMI of 35 and a waist circumference of 42 inches is diagnosed with obesity. What is the most appropriate initial step in the management of this patient?,Counsel the patient regarding diet and exercise to achieve an ideal BMI of 23.,"['Prescribe orlistat to reduce fat absorption.', 'Refer the patient for bariatric surgery.', 'Initiate a very-low-calorie diet (less than 800 calories per day).', 'Measure the patient’s body fat percentage using bioelectrical impedance.', 'Counsel the patient regarding diet and exercise to achieve an ideal BMI of 23.']",E,Root node representing a patient with obesity -> Measure BMI and waist circumference -> Management of the patient -> Counsel regarding diet/exercise to ideal BMI (23),obesity
"A 45-year-old male with a BMI of 35 presents to your office. You measure his waist circumference and find it to be 42 inches. According to the guidelines, what is the next best step in the management of this patient?",Check lipids and glucose. Control blood pressure. Make a dietary plan and follow-up,"['Start the patient on Orlistat', 'Refer the patient for bariatric surgery', 'Prescribe a very-low-calorie diet (less than 800 calories)', 'Reassure the patient that his BMI is only mildly elevated', 'Check lipids and glucose. Control blood pressure. Make a dietary plan and follow-up']",E,Root node representing a patient with obesity -> Measure BMI and waist circumference -> Management of the patient -> Check lipids and glucose. Control blood pressure. Make a dietary plan and follow-up,obesity
"A 45-year-old male with a BMI of 32 and a waist circumference of 42 inches is seeking medical advice for weight management. He has a family history of diabetes and hypertension, but his initial fasting glucose and lipid panel are normal, and his blood pressure is within the normal range. What is the MOST appropriate next step in managing this patient's obesity?","Recommend a structured dietary plan with regular follow-up, and if unsuccessful or if glucose/lipid levels become elevated, consider supplemental medication.","['Prescribe orlistat immediately to aid in weight loss.', 'Refer the patient for bariatric surgery evaluation.', 'Recommend a structured dietary plan with regular follow-up, and if unsuccessful or if glucose/lipid levels become elevated, consider supplemental medication.', 'Advise the patient to follow an extremely-low-fat diet.', 'Reassure the patient that his risk is only mild and that no intervention is needed at this time.']",C,"Root node representing a patient with obesity -> Measure BMI and waist circumference -> Management of the patient -> Check fasting lipids and glucose. Control blood pressure. Make a dietary plan and follow-up. If unsuccessful or if elevated glucose or lipids, consider supplemental medication",obesity
"A 58-year-old male with a BMI of 32 presents with complaints of knee pain and stiffness, diagnosed as osteoarthritis. Considering his obesity and osteoarthritis, which of the following exercise recommendations is MOST appropriate?",Recommend low-impact exercise alternatives.,"['Advise high-intensity interval training.', 'Suggest weightlifting for muscle strengthening.', 'Recommend prolonged periods of standing.', 'Encourage participation in contact sports.', 'Recommend low-impact exercise alternatives.']",E,"Root node representing a patient with obesity -> Measure BMI and waist circumference -> Management of the patient -> See BMI 30-35. If osteoarthritis present, consider low-impact exercise alternatives",obesity
A 50-year-old male with a BMI of 42 and a history of unsuccessful weight loss attempts through diet and exercise asks what the next step in management should be. Which of the following is the MOST appropriate next step in the management of this patient's obesity?,Consider bariatric surgery,"['Initiate pharmacologic therapy with orlistat', 'Recommend a very-low-calorie diet (less than 800 calories per day)', 'Prescribe sibutramine for appetite suppression', 'Refer the patient for liposuction', 'Consider bariatric surgery']",E,"Root node representing a patient with obesity -> Measure BMI and waist circumference -> Management of the patient -> Try all modalities. If unsuccessful, consider bariatric surgery",obesity
"A 58-year-old male with a history of hypertension presents to the clinic for a routine check-up. His blood pressure, taken twice during the visit, averages 185/125 mm Hg. He reports no symptoms and his physical exam is unremarkable. According to the guidelines, what is the most appropriate next step in managing this patient's hypertension?",Encourage lifestyle modifications and closely monitor the patient's blood pressure.,"['Initiate immediate treatment with intravenous antihypertensive medications.', 'Prescribe a single, low-dose thiazide diuretic.', 'Encourage lifestyle modifications and closely monitor the patient's blood pressure.', 'Order ambulatory blood pressure monitoring to confirm the diagnosis.', 'Immediately refer the patient to a cardiologist for further evaluation.']",C,"Patient with HYPERTENSION -> Blood pressure (average of two readings at two separate times) -> SBP >180 mm Hg or DBP >120 mm Hg -> Encourage lifestyle modifications, monitor closely",hypertension
"A 58-year-old male with a history of hypertension presents to the emergency department with a blood pressure reading of 185/125 mm Hg. According to the guidelines, what is the most appropriate next step in managing this patient?",Assess for end-organ damage to rule out hypertensive crisis.,"['Initiate immediate treatment with oral antihypertensive agents.', 'Prescribe a low-salt diet and schedule a follow-up appointment.', 'Assess for end-organ damage to rule out hypertensive crisis.', 'Order routine blood work and ECG.', 'Start the patient on a thiazide diuretic.']",C,"Patient with HYPERTENSION -> Blood pressure (average of two readings at two separate times) -> SBP >180 mm Hg or DBP >120 mm Hg -> History, physical examination, laboratory tests, ECG -> Lifestyle modifications: low-salt diet, weight loss, exercise -> <140/90 mm Hg or <130/80 mm Hg for diabetes mellitus, chronic kidney disease -> Treat with oral agents Follow closely -> Compelling indication -> Treatment based on indication (see Table 1)",hypertension
"A 58-year-old male with a history of hypertension presents to the emergency department with a blood pressure reading of 185/125 mm Hg. He denies any new symptoms or end-organ damage. According to the guidelines, what is the most appropriate initial step in managing his hypertension?",Treat with oral agents and closely monitor the patient.,"['Admit the patient for immediate intravenous antihypertensive therapy.', 'Prescribe two-drug combinations as first choice.', 'Treat with oral agents and closely monitor the patient.', 'Initiate a thorough investigation for identifiable causes of hypertension.', 'Recommend lifestyle modifications and reassess in 1 week.']",C,Patient with HYPERTENSION -> Blood pressure (average of two readings at two separate times) -> SBP >180 mm Hg or DBP >120 mm Hg -> New onset or end-organ damage? -> Treat with oral agents Follow closely -> Compelling indication -> Treatment based on indication (see Table 1),hypertension
"A 53-year-old male with no prior history of hypertension presents to your clinic for a routine check-up. His blood pressure reading today is 148/92 mm Hg. He has no other known medical conditions and his physical exam is unremarkable. Initial laboratory tests are normal. According to current guidelines, what is the most appropriate initial management strategy?",Initiate single-drug therapy with a thiazide diuretic or ACE inhibitor and closely monitor the patient's blood pressure.,"['Begin with two-drug combination therapy.', 'Prescribe an angiotensin II receptor blocker (ARB).', 'Recommend strict lifestyle modifications and re-evaluate in 3 months.', 'Initiate single-drug therapy with a thiazide diuretic or ACE inhibitor and closely monitor the patient's blood pressure.', 'Refer the patient to a cardiologist for further evaluation.']",D,"Patient with HYPERTENSION -> Blood pressure (average of two readings at two separate times) -> SBP >180 mm Hg or DBP >120 mm Hg -> History, physical examination, laboratory tests, ECG -> Lifestyle modifications: low-salt diet, weight loss, exercise -> <140/90 mm Hg or <130/80 mm Hg for diabetes mellitus, chronic kidney disease -> Treat with oral agents Follow closely -> No compelling indication -> 140-159/80-89 mm Hg Single-drug therapy with thiazide diuretic or ACE inhibitor",hypertension
"A 58-year-old male with a history of hypertension presents to the clinic with a blood pressure reading of 185/125 mm Hg. After confirming this reading on a subsequent visit and ruling out any acute end-organ damage, what would be the most appropriate initial management strategy, assuming no other compelling indications are present?",Initiate treatment with oral antihypertensive agents and closely monitor the patient's response.,"['Prescribe lifestyle modifications and reassess in 3-6 months.', 'Start single-drug therapy with a thiazide diuretic or ACE inhibitor.', 'Admit the patient for immediate intravenous antihypertensive therapy.', 'Initiate treatment with oral antihypertensive agents and closely monitor the patient\'s response.', 'Order ambulatory blood pressure monitoring to rule out white coat hypertension.']",D,Patient with HYPERTENSION -> Blood pressure (average of two readings at two separate times) -> SBP >180 mm Hg or DBP >120 mm Hg -> New onset or end-organ damage? -> Treat with oral agents Follow closely -> No compelling indication -> 140-159/80-89 mm Hg Single-drug therapy with thiazide diuretic or ACE inhibitor,hypertension
"A 58-year-old male with a history of hypertension presents to the clinic with an average blood pressure reading of 165/95 mm Hg after lifestyle modifications. He has no other known comorbidities. According to the guidelines, what would be the most appropriate next step in managing his hypertension?",Consider initiating a two-drug combination therapy.,"['Increase lifestyle modification efforts.', 'Prescribe a thiazide diuretic or ACE inhibitor.', 'Monitor blood pressure closely without intervention.', 'Refer to a cardiologist for further evaluation.', 'Consider initiating a two-drug combination therapy.']",E,"Patient with HYPERTENSION -> Blood pressure (average of two readings at two separate times) -> SBP >180 mm Hg or DBP >120 mm Hg -> History, physical examination, laboratory tests, ECG -> Lifestyle modifications: low-salt diet, weight loss, exercise -> <140/90 mm Hg or <130/80 mm Hg for diabetes mellitus, chronic kidney disease -> Treat with oral agents Follow closely -> No compelling indication -> SBP>160 mm Hg or DBP >90 mm Hg Consider two-drug combination",hypertension
A 67-year-old man with a history of hypertension presents to the clinic with a blood pressure reading of 182/124 mm Hg (average of two readings at two separate times). He denies any new symptoms or end-organ damage. He has no compelling indications for specific antihypertensive medications. What is the most appropriate next step in managing his hypertension?,Consider initiating a two-drug combination therapy.,"['Initiate lifestyle modifications and reassess in 3 months.', 'Start a thiazide diuretic as first-line therapy.', 'Start an ACE inhibitor as first-line therapy.', 'Prescribe an oral agent and follow up closely.', 'Consider initiating a two-drug combination therapy.']",E,Patient with HYPERTENSION -> Blood pressure (average of two readings at two separate times) -> SBP >180 mm Hg or DBP >120 mm Hg -> New onset or end-organ damage? -> Treat with oral agents Follow closely -> No compelling indication -> SBP>160 mm Hg or DBP >90 mm Hg Consider two-drug combination,hypertension
"A 60-year-old male with a history of hypertension presents to the clinic with a blood pressure reading of 185/125 mm Hg. After initial evaluation, including history, physical examination, and laboratory tests, no identifiable causes of secondary hypertension are found. He has no other comorbidities. What is the MOST appropriate next step in managing his hypertension?","Initiate treatment with two oral antihypertensive agents from different classes, along with lifestyle modifications, and closely monitor the patient's blood pressure.","['Initiate treatment with a single oral antihypertensive agent and lifestyle modifications, and reassess blood pressure in 3 months.', 'Prescribe an ACE inhibitor as first-line therapy due to potential risk for coronary artery disease.', 'Recommend lifestyle modifications alone and reassess blood pressure in 1 month.', 'Admit the patient for immediate intravenous antihypertensive therapy.', 'Initiate treatment with two oral antihypertensive agents from different classes, along with lifestyle modifications, and closely monitor the patient's blood pressure.']",E,"Patient with HYPERTENSION -> Blood pressure (average of two readings at two separate times) -> SBP >180 mm Hg or DBP >120 mm Hg -> History, physical examination, laboratory tests, ECG -> Lifestyle modifications: low-salt diet, weight loss, exercise -> <140/90 mm Hg or <130/80 mm Hg for diabetes mellitus, chronic kidney disease -> Treat with oral agents Follow closely -> No compelling indication -> add different class of drug based on side effect profile and/or indication",hypertension
"A 58-year-old male with a history of hypertension presents to the clinic with a blood pressure reading of 185/125 mm Hg. He denies any new symptoms or end-organ damage. After confirming the reading, what is the most appropriate next step in managing his hypertension?",Add a different class of antihypertensive medication based on side effect profile and/or indication.,"['Initiate intravenous antihypertensive therapy.', 'Prescribe a thiazide diuretic as first-line therapy.', 'Add a different class of antihypertensive medication based on side effect profile and/or indication.', 'Increase the dose of his current antihypertensive medication.', 'Recommend lifestyle modifications alone.']",C,Patient with HYPERTENSION -> Blood pressure (average of two readings at two separate times) -> SBP >180 mm Hg or DBP >120 mm Hg -> New onset or end-organ damage? -> Treat with oral agents Follow closely -> No compelling indication -> add different class of drug based on side effect profile and/or indication,hypertension
"A 58-year-old male with a history of hypertension presents to the emergency department with a blood pressure reading of 185/125 mm Hg. According to the guidelines, what is the MOST appropriate next step in managing this patient?",Assess the patient for end-organ damage to rule out hypertensive crisis.,"['Initiate immediate treatment with intravenous antihypertensive medications.', 'Prescribe a thiazide diuretic as first-line therapy.', 'Recheck blood pressure after 30 minutes of rest.', 'Assess the patient for end-organ damage to rule out hypertensive crisis.', 'Recommend lifestyle modifications, including a low-salt diet and exercise.']",D,"Patient with HYPERTENSION -> Blood pressure (average of two readings at two separate times) -> SBP >180 mm Hg or DBP >120 mm Hg -> History, physical examination, laboratory tests, ECG -> Lifestyle modifications: low-salt diet, weight loss, exercise -> <140/90 mm Hg or <130/80 mm Hg for diabetes mellitus, chronic kidney disease -> Hypertensive crisis (see Table 2)",hypertension
"A 58-year-old man with a history of hypertension presents to the emergency department with a severe headache and blurred vision. His blood pressure is 200/130 mm Hg. According to the guidelines, what is the most appropriate next step in managing this patient?",Assess the patient for signs of end-organ damage to rule out hypertensive crisis.,"['Initiate oral antihypertensive medication to gradually lower blood pressure over 24-48 hours.', 'Administer intravenous labetalol to rapidly lower blood pressure.', 'Assess the patient for signs of end-organ damage to rule out hypertensive crisis.', 'Prescribe a thiazide diuretic and schedule a follow-up appointment in one week.', 'Recommend lifestyle modifications, including a low-salt diet and increased physical activity.']",C,Patient with HYPERTENSION -> Blood pressure (average of two readings at two separate times) -> SBP >180 mm Hg or DBP >120 mm Hg -> New onset or end-organ damage? -> Hypertensive crisis (see Table 2),hypertension
